[
  {
    "_raw": "08/06/2025 05:22:00 PM\nLogName=Microsoft-Windows-PowerShell/Operational\nEventCode=4104\nEventType=5\nComputerName=PS-VICTIM-01.powershellsentinel.local\nUser=NOT_TRANSLATED\nSid=S-1-5-21-3587967245-3585281529-945259784-500\nSidType=0\nSourceName=Microsoft-Windows-PowerShell\nType=Verbose\nRecordNumber=362\nKeywords=None\nTaskCategory=Execute a Remote Command\nOpCode=On create calls\nMessage=Creating Scriptblock text (1 of 1):\n$global:?\n\nScriptBlock ID: dbf36e7d-7bc0-4973-88a2-9a2a34a42b88\nPath:",
    "_time": "2025-08-06T17:22:00.000+00:00",
    "source": "WinEventLog:Microsoft-Windows-PowerShell/Operational",
    "sourcetype": "WinEventLog:Microsoft-Windows-PowerShell/Operational",
    "_bkt": "main~3~D9137144-2BA4-49FB-A605-EB695929BB1A",
    "_cd": "3:4698",
    "_indextime": "1754500922",
    "_serial": "0",
    "_si": [
      "PS-DEV-01",
      "main"
    ],
    "_sourcetype": "WinEventLog:Microsoft-Windows-PowerShell/Operational",
    "host": "PS-VICTIM-01",
    "index": "main",
    "linecount": "19",
    "splunk_server": "PS-DEV-01"
  },
  {
    "_raw": "08/06/2025 05:22:00 PM\nLogName=Microsoft-Windows-PowerShell/Operational\nEventCode=4103\nEventType=4\nComputerName=PS-VICTIM-01.powershellsentinel.local\nUser=NOT_TRANSLATED\nSid=S-1-5-21-3587967245-3585281529-945259784-500\nSidType=0\nSourceName=Microsoft-Windows-PowerShell\nType=Information\nRecordNumber=361\nKeywords=None\nTaskCategory=Executing Pipeline\nOpCode=To be used when operation is just executing a method\nMessage=CommandInvocation(Out-Default): \"Out-Default\"\nParameterBinding(Out-Default): name=\"InputObject\"; value=\"DefaultAccount\"\nParameterBinding(Out-Default): name=\"InputObject\"; value=\"Guest\"\nParameterBinding(Out-Default): name=\"InputObject\"; value=\"lab_admin\"\nParameterBinding(Out-Default): name=\"InputObject\"; value=\"WDAGUtilityAccount\"\n\n\nContext:\n        Severity = Informational\n        Host Name = ConsoleHost\n        Host Version = 5.1.20348.3932\n        Host ID = 4c8ced59-0b45-4f87-8e54-1d1adac2f003\n        Host Application = powershell.exe -Command Get-LocalUser\n        Engine Version = 5.1.20348.3932\n        Runspace ID = 1d5bc29f-dfd4-48a2-972e-3a3cd552f7e5\n        Pipeline ID = 1\n        Command Name = \n        Command Type = Script\n        Script Name = \n        Command Path = \n        Sequence Number = 22\n        User = POWERSHELLSENTI\\lab_admin\n        Connected User = \n        Shell ID = Microsoft.PowerShell\n\n\nUser Data:",
    "_time": "2025-08-06T17:22:00.000+00:00",
    "source": "WinEventLog:Microsoft-Windows-PowerShell/Operational",
    "sourcetype": "WinEventLog:Microsoft-Windows-PowerShell/Operational",
    "_bkt": "main~3~D9137144-2BA4-49FB-A605-EB695929BB1A",
    "_cd": "3:4654",
    "_indextime": "1754500922",
    "_serial": "1",
    "_si": [
      "PS-DEV-01",
      "main"
    ],
    "_sourcetype": "WinEventLog:Microsoft-Windows-PowerShell/Operational",
    "host": "PS-VICTIM-01",
    "index": "main",
    "linecount": "41",
    "splunk_server": "PS-DEV-01"
  },
  {
    "_raw": "08/06/2025 05:22:00 PM\nLogName=Microsoft-Windows-PowerShell/Operational\nEventCode=4103\nEventType=4\nComputerName=PS-VICTIM-01.powershellsentinel.local\nUser=NOT_TRANSLATED\nSid=S-1-5-21-3587967245-3585281529-945259784-500\nSidType=0\nSourceName=Microsoft-Windows-PowerShell\nType=Information\nRecordNumber=360\nKeywords=None\nTaskCategory=Executing Pipeline\nOpCode=To be used when operation is just executing a method\nMessage=CommandInvocation(Get-LocalUser): \"Get-LocalUser\"\n\n\nContext:\n        Severity = Informational\n        Host Name = ConsoleHost\n        Host Version = 5.1.20348.3932\n        Host ID = 4c8ced59-0b45-4f87-8e54-1d1adac2f003\n        Host Application = powershell.exe -Command Get-LocalUser\n        Engine Version = 5.1.20348.3932\n        Runspace ID = 1d5bc29f-dfd4-48a2-972e-3a3cd552f7e5\n        Pipeline ID = 1\n        Command Name = Get-LocalUser\n        Command Type = Cmdlet\n        Script Name = \n        Command Path = \n        Sequence Number = 20\n        User = POWERSHELLSENTI\\lab_admin\n        Connected User = \n        Shell ID = Microsoft.PowerShell\n\n\nUser Data:",
    "_time": "2025-08-06T17:22:00.000+00:00",
    "source": "WinEventLog:Microsoft-Windows-PowerShell/Operational",
    "sourcetype": "WinEventLog:Microsoft-Windows-PowerShell/Operational",
    "_bkt": "main~3~D9137144-2BA4-49FB-A605-EB695929BB1A",
    "_cd": "3:4618",
    "_indextime": "1754500922",
    "_serial": "2",
    "_si": [
      "PS-DEV-01",
      "main"
    ],
    "_sourcetype": "WinEventLog:Microsoft-Windows-PowerShell/Operational",
    "host": "PS-VICTIM-01",
    "index": "main",
    "linecount": "37",
    "splunk_server": "PS-DEV-01"
  },
  {
    "_raw": "08/06/2025 05:22:00 PM\nLogName=Microsoft-Windows-PowerShell/Operational\nEventCode=4103\nEventType=4\nComputerName=PS-VICTIM-01.powershellsentinel.local\nUser=NOT_TRANSLATED\nSid=S-1-5-21-3587967245-3585281529-945259784-500\nSidType=0\nSourceName=Microsoft-Windows-PowerShell\nType=Information\nRecordNumber=359\nKeywords=None\nTaskCategory=Executing Pipeline\nOpCode=To be used when operation is just executing a method\nMessage=CommandInvocation(ConvertFrom-StringData): \"ConvertFrom-StringData\"\nParameterBinding(ConvertFrom-StringData): name=\"StringData\"; value=\"###PSLOC\nErrorMountPointNotFound={0} does not have an associated BitLocker volume.\nErrorVolumeNotFound=Device Id: {0} does not have a corresponding volume.\nErrorVolumeBoundAlready=This key protector cannot be deleted because it is being used to automatically unlock the volume.\nErrorOperatingSystemMountPointNotFound=An operating system volume could not be found.\nWarningUsedSpaceOnlyAndHardwareEncryption=UsedSpaceOnly switch and HardwareEncryption switch cannot be used together. Ignoring UsedSpaceOnly.\nErrorExternalKeyOrPasswordRequired=An external key or password protector is required to enable BitLocker on an operating system volume without a valid TPM.\nWarningWriteDownRecoveryPassword=ACTIONS REQUIRED:{1}{1}1. Save this numerical recovery password in a secure location away from your computer:{1}{1}{0}{1}{1}To prevent data loss, save this password immediately. This password helps ensure that you can unlock the encrypted volume.\nWarningWriteDownRecoveryPasswordInsertExternalKeyRestart=ACTIONS REQUIRED:{1}{1}1. Save this numerical recovery password in a secure location away from your computer:{1}{1}{0}{1}{1}To prevent data loss, save this password immediately. This password helps ensure that you can unlock the encrypted volume.{1}2.Insert a USB flash drive with an external key file into the computer.{1}3. Restart the computer to run a hardware test.{1}    (Type: get-help Restart-Computer for command line instructions.)\nWarningWriteDownRecoveryPasswordRestart=ACTIONS REQUIRED:{1}{1}1. Save this numerical recovery password in a secure location away from your computer:{1}{1}{0}{1}{1}To prevent data loss, save this password immediately. This password helps ensure that you can unlock the encrypted volume.{1}2. Restart the computer to run a hardware test.{1}    (Type: get-help Restart-Computer for command line instructions.)\nWarningHardwareTestFailed=ERROR: The hardware test failed with code 0x        Severity = Informational\n        Host Name = ConsoleHost\n        Host Version = 5.1.20348.3932\n        Host ID = 4c8ced59-0b45-4f87-8e54-1d1adac2f003\n        Host Application = powershell.exe -Command Get-LocalUser\n        Engine Version = 5.1.20348.3932\n        Runspace ID = 1d5bc29f-dfd4-48a2-972e-3a3cd552f7e5\n        Pipeline ID = 6\n        Command Name = ConvertFrom-StringData\n        Command Type = Cmdlet\n        Script Name = C:\\Windows\\system32\\WindowsPowerShell\\v1.0\\Modules\\BitLocker\\en-US\\BitLocker.psd1\n        Command Path = \n        Sequence Number = 18\n        User = POWERSHELLSENTI\\lab_admin\n        Connected User = \n        Shell ID = Microsoft.PowerShell\n!08x!. All key protectors{0}were removed.{0}{0}Possible reasons that the hardware test failed are:{0}{0}1. A USB flash drive with an external key file was not found.{0}{0}- Insert a USB flash drive with an external key file into the computer.{0}- If this failure persists, the computer cannot read USB drives{0}during boot. You may not be able to use external keys to unlock{0}the OS volume during boot.{0}{0}2. The external key file on the USB flash drive was corrupt.{0}{0}- Try a different USB flash drive to store the external key file.{0}{0}3. The TPM is off.{0}{0}- To manage the Trusted Platform Module (TPM), use either the{0}TPM Management MMC snap-in or the TPM Management PowerShell cmdlets.{0}{0}4. The TPM detected a change in OS boot components.{0}{0}- Remove any bootable CD or DVD from the computer.{0}- If this failure persists, check that the latest firmware and BIOS{0}upgrades are installed, and that the TPM is otherwise working properly.{0}{0}5. The provided PIN was incorrect.{0}{0}6. The TPM storage root key (SRK) has an incompatible authorization value.{0}{0}- To reset this value, run the TPM Initialization Wizard.{0}{0}ACTIONS REQUIRED:{0}{0}1. Resolve the hardware test failure above.{0}2. Re-run the command to turn on BitLocker.{0}\nWarningInsertExternalKeyRestart=ACTIONS REQUIRED:{0}{0}1.Insert a USB flash drive with an external key file into the computer.{0}2. Restart the computer to run a hardware test.{0}    (Type: get-help Restart-Computer for command line instructions.)\nWarningRestart=ACTIONS REQUIRED:{0}{0}1. Restart the computer to run a hardware test.{0}    (Type: get-help Restart-Computer for command line instructions.)\nErrorSidProtectorRequiresAdditionalRecoveryProtector=To turn on BitLocker with a SID-based Identity protector on this volume, you must provide at least one additional protector for recovery.\nErrorRemoveDraProtector=Removal of the data recovery agent certificate must be done using the Certificates snap-in.\nErrorRemoveNkpProtector=Network Unlock can only be disabled within the BitLocker Drive Encryption group policy setting \"Allow network unlock at startup\", or by removing the Public Key Policies group policy setting \"BitLocker Drive Encryption Network Unlock Certificate\" on the domain controller.\nPasswordPrompt=Enter Password:\nConfirmPasswordPrompt=Confirm Password:\nNoMatchPassword=These passwords do not match. Please re-enter them.\nPinPrompt=Enter Pin:\nConfirmPinPrompt=Confirm Pin:\nNoMatchPin=These pins do not match. Please re-enter them.\nErrorGroupPolicyDisabledBackup=Group policy does not permit the storage of recovery information to Active Directory. The operation was not attempted.\"\n\n\nContext:\n        Severity = Informational\n        Host Name = ConsoleHost\n        Host Version = 5.1.20348.3932\n        Host ID = 4c8ced59-0b45-4f87-8e54-1d1adac2f003\n        Host Application = powershell.exe -Command Get-LocalUser\n        Engine Version = 5.1.20348.3932\n        Runspace ID = 1d5bc29f-dfd4-48a2-972e-3a3cd552f7e5\n        Pipeline ID = 6\n        Command Name = ConvertFrom-StringData\n        Command Type = Cmdlet\n        Script Name = C:\\Windows\\system32\\WindowsPowerShell\\v1.0\\Modules\\BitLocker\\en-US\\BitLocker.psd1\n        Command Path = \n        Sequence Number = 18\n        User = POWERSHELLSENTI\\lab_admin\n        Connected User = \n        Shell ID = Microsoft.PowerShell\n\n\nUser Data:",
    "_time": "2025-08-06T17:22:00.000+00:00",
    "source": "WinEventLog:Microsoft-Windows-PowerShell/Operational",
    "sourcetype": "WinEventLog:Microsoft-Windows-PowerShell/Operational",
    "_bkt": "main~3~D9137144-2BA4-49FB-A605-EB695929BB1A",
    "_cd": "3:4411",
    "_indextime": "1754500921",
    "_serial": "3",
    "_si": [
      "PS-DEV-01",
      "main"
    ],
    "_sourcetype": "WinEventLog:Microsoft-Windows-PowerShell/Operational",
    "host": "PS-VICTIM-01",
    "index": "main",
    "linecount": "76",
    "splunk_server": "PS-DEV-01"
  },
  {
    "_raw": "08/06/2025 05:22:00 PM\nLogName=Microsoft-Windows-PowerShell/Operational\nEventCode=4103\nEventType=4\nComputerName=PS-VICTIM-01.powershellsentinel.local\nUser=NOT_TRANSLATED\nSid=S-1-5-21-3587967245-3585281529-945259784-500\nSidType=0\nSourceName=Microsoft-Windows-PowerShell\nType=Information\nRecordNumber=358\nKeywords=None\nTaskCategory=Executing Pipeline\nOpCode=To be used when operation is just executing a method\nMessage=CommandInvocation(ConvertFrom-StringData): \"ConvertFrom-StringData\"\nParameterBinding(ConvertFrom-StringData): name=\"StringData\"; value=\"###PSLOC\nErrorMountPointNotFound={0} does not have an associated BitLocker volume.\nErrorVolumeNotFound=Device Id: {0} does not have a corresponding volume.\nErrorVolumeBoundAlready=This key protector cannot be deleted because it is being used to automatically unlock the volume.\nErrorOperatingSystemMountPointNotFound=An operating system volume could not be found.\nWarningUsedSpaceOnlyAndHardwareEncryption=UsedSpaceOnly switch and HardwareEncryption switch cannot be used together. Ignoring UsedSpaceOnly.\nErrorExternalKeyOrPasswordRequired=An external key or password protector is required to enable BitLocker on an operating system volume without a valid TPM.\nWarningWriteDownRecoveryPassword=ACTIONS REQUIRED:{1}{1}1. Save this numerical recovery password in a secure location away from your computer:{1}{1}{0}{1}{1}To prevent data loss, save this password immediately. This password helps ensure that you can unlock the encrypted volume.\nWarningWriteDownRecoveryPasswordInsertExternalKeyRestart=ACTIONS REQUIRED:{1}{1}1. Save this numerical recovery password in a secure location away from your computer:{1}{1}{0}{1}{1}To prevent data loss, save this password immediately. This password helps ensure that you can unlock the encrypted volume.{1}2.Insert a USB flash drive with an external key file into the computer.{1}3. Restart the computer to run a hardware test.{1}    (Type: get-help Restart-Computer for command line instructions.)\nWarningWriteDownRecoveryPasswordRestart=ACTIONS REQUIRED:{1}{1}1. Save this numerical recovery password in a secure location away from your computer:{1}{1}{0}{1}{1}To prevent data loss, save this password immediately. This password helps ensure that you can unlock the encrypted volume.{1}2. Restart the computer to run a hardware test.{1}    (Type: get-help Restart-Computer for command line instructions.)\nWarningHardwareTestFailed=ERROR: The hardware test failed with code 0x        Severity = Informational\n        Host Name = ConsoleHost\n        Host Version = 5.1.20348.3932\n        Host ID = 4c8ced59-0b45-4f87-8e54-1d1adac2f003\n        Host Application = powershell.exe -Command Get-LocalUser\n        Engine Version = 5.1.20348.3932\n        Runspace ID = 1d5bc29f-dfd4-48a2-972e-3a3cd552f7e5\n        Pipeline ID = 6\n        Command Name = ConvertFrom-StringData\n        Command Type = Cmdlet\n        Script Name = C:\\Windows\\system32\\WindowsPowerShell\\v1.0\\Modules\\BitLocker\\en-US\\BitLocker.psd1\n        Command Path = \n        Sequence Number = 16\n        User = POWERSHELLSENTI\\lab_admin\n        Connected User = \n        Shell ID = Microsoft.PowerShell\n!08x!. All key protectors{0}were removed.{0}{0}Possible reasons that the hardware test failed are:{0}{0}1. A USB flash drive with an external key file was not found.{0}{0}- Insert a USB flash drive with an external key file into the computer.{0}- If this failure persists, the computer cannot read USB drives{0}during boot. You may not be able to use external keys to unlock{0}the OS volume during boot.{0}{0}2. The external key file on the USB flash drive was corrupt.{0}{0}- Try a different USB flash drive to store the external key file.{0}{0}3. The TPM is off.{0}{0}- To manage the Trusted Platform Module (TPM), use either the{0}TPM Management MMC snap-in or the TPM Management PowerShell cmdlets.{0}{0}4. The TPM detected a change in OS boot components.{0}{0}- Remove any bootable CD or DVD from the computer.{0}- If this failure persists, check that the latest firmware and BIOS{0}upgrades are installed, and that the TPM is otherwise working properly.{0}{0}5. The provided PIN was incorrect.{0}{0}6. The TPM storage root key (SRK) has an incompatible authorization value.{0}{0}- To reset this value, run the TPM Initialization Wizard.{0}{0}ACTIONS REQUIRED:{0}{0}1. Resolve the hardware test failure above.{0}2. Re-run the command to turn on BitLocker.{0}\nWarningInsertExternalKeyRestart=ACTIONS REQUIRED:{0}{0}1.Insert a USB flash drive with an external key file into the computer.{0}2. Restart the computer to run a hardware test.{0}    (Type: get-help Restart-Computer for command line instructions.)\nWarningRestart=ACTIONS REQUIRED:{0}{0}1. Restart the computer to run a hardware test.{0}    (Type: get-help Restart-Computer for command line instructions.)\nErrorSidProtectorRequiresAdditionalRecoveryProtector=To turn on BitLocker with a SID-based Identity protector on this volume, you must provide at least one additional protector for recovery.\nErrorRemoveDraProtector=Removal of the data recovery agent certificate must be done using the Certificates snap-in.\nErrorRemoveNkpProtector=Network Unlock can only be disabled within the BitLocker Drive Encryption group policy setting \"Allow network unlock at startup\", or by removing the Public Key Policies group policy setting \"BitLocker Drive Encryption Network Unlock Certificate\" on the domain controller.\nPasswordPrompt=Enter Password:\nConfirmPasswordPrompt=Confirm Password:\nNoMatchPassword=These passwords do not match. Please re-enter them.\nPinPrompt=Enter Pin:\nConfirmPinPrompt=Confirm Pin:\nNoMatchPin=These pins do not match. Please re-enter them.\nErrorGroupPolicyDisabledBackup=Group policy does not permit the storage of recovery information to Active Directory. The operation was not attempted.\"\n\n\nContext:\n        Severity = Informational\n        Host Name = ConsoleHost\n        Host Version = 5.1.20348.3932\n        Host ID = 4c8ced59-0b45-4f87-8e54-1d1adac2f003\n        Host Application = powershell.exe -Command Get-LocalUser\n        Engine Version = 5.1.20348.3932\n        Runspace ID = 1d5bc29f-dfd4-48a2-972e-3a3cd552f7e5\n        Pipeline ID = 6\n        Command Name = ConvertFrom-StringData\n        Command Type = Cmdlet\n        Script Name = C:\\Windows\\system32\\WindowsPowerShell\\v1.0\\Modules\\BitLocker\\en-US\\BitLocker.psd1\n        Command Path = \n        Sequence Number = 16\n        User = POWERSHELLSENTI\\lab_admin\n        Connected User = \n        Shell ID = Microsoft.PowerShell\n\n\nUser Data:",
    "_time": "2025-08-06T17:22:00.000+00:00",
    "source": "WinEventLog:Microsoft-Windows-PowerShell/Operational",
    "sourcetype": "WinEventLog:Microsoft-Windows-PowerShell/Operational",
    "_bkt": "main~3~D9137144-2BA4-49FB-A605-EB695929BB1A",
    "_cd": "3:4204",
    "_indextime": "1754500921",
    "_serial": "4",
    "_si": [
      "PS-DEV-01",
      "main"
    ],
    "_sourcetype": "WinEventLog:Microsoft-Windows-PowerShell/Operational",
    "host": "PS-VICTIM-01",
    "index": "main",
    "linecount": "76",
    "splunk_server": "PS-DEV-01"
  },
  {
    "_raw": "08/06/2025 05:21:59 PM\nLogName=Microsoft-Windows-PowerShell/Operational\nEventCode=4104\nEventType=5\nComputerName=PS-VICTIM-01.powershellsentinel.local\nUser=NOT_TRANSLATED\nSid=S-1-5-21-3587967245-3585281529-945259784-500\nSidType=0\nSourceName=Microsoft-Windows-PowerShell\nType=Verbose\nRecordNumber=357\nKeywords=None\nTaskCategory=Execute a Remote Command\nOpCode=On create calls\nMessage=Creating Scriptblock text (1 of 1):\nGet-LocalUser\n\nScriptBlock ID: b24bc664-2cf6-47ca-b08b-fc518db1abf0\nPath:",
    "_time": "2025-08-06T17:21:59.000+00:00",
    "source": "WinEventLog:Microsoft-Windows-PowerShell/Operational",
    "sourcetype": "WinEventLog:Microsoft-Windows-PowerShell/Operational",
    "_bkt": "main~3~D9137144-2BA4-49FB-A605-EB695929BB1A",
    "_cd": "3:4187",
    "_indextime": "1754500919",
    "_serial": "5",
    "_si": [
      "PS-DEV-01",
      "main"
    ],
    "_sourcetype": "WinEventLog:Microsoft-Windows-PowerShell/Operational",
    "host": "PS-VICTIM-01",
    "index": "main",
    "linecount": "19",
    "splunk_server": "PS-DEV-01"
  },
  {
    "_raw": "08/06/2025 05:21:59 PM\nLogName=Microsoft-Windows-PowerShell/Operational\nEventCode=40962\nEventType=4\nComputerName=PS-VICTIM-01.powershellsentinel.local\nUser=NOT_TRANSLATED\nSid=S-1-5-21-3587967245-3585281529-945259784-500\nSidType=0\nSourceName=Microsoft-Windows-PowerShell\nType=Information\nRecordNumber=356\nKeywords=None\nTaskCategory=PowerShell Console Startup\nOpCode=Stop\nMessage=PowerShell console is ready for user input",
    "_time": "2025-08-06T17:21:59.000+00:00",
    "source": "WinEventLog:Microsoft-Windows-PowerShell/Operational",
    "sourcetype": "WinEventLog:Microsoft-Windows-PowerShell/Operational",
    "_bkt": "main~3~D9137144-2BA4-49FB-A605-EB695929BB1A",
    "_cd": "3:4173",
    "_indextime": "1754500919",
    "_serial": "6",
    "_si": [
      "PS-DEV-01",
      "main"
    ],
    "_sourcetype": "WinEventLog:Microsoft-Windows-PowerShell/Operational",
    "host": "PS-VICTIM-01",
    "index": "main",
    "linecount": "15",
    "splunk_server": "PS-DEV-01"
  },
  {
    "_raw": "08/06/2025 05:21:59 PM\nLogName=Microsoft-Windows-PowerShell/Operational\nEventCode=53504\nEventType=4\nComputerName=PS-VICTIM-01.powershellsentinel.local\nUser=NOT_TRANSLATED\nSid=S-1-5-21-3587967245-3585281529-945259784-500\nSidType=0\nSourceName=Microsoft-Windows-PowerShell\nType=Information\nRecordNumber=355\nKeywords=None\nTaskCategory=PowerShell Named Pipe IPC\nOpCode=Open (async)\nMessage=Windows PowerShell has started an IPC listening thread on process: 5028 in AppDomain: DefaultAppDomain.",
    "_time": "2025-08-06T17:21:59.000+00:00",
    "source": "WinEventLog:Microsoft-Windows-PowerShell/Operational",
    "sourcetype": "WinEventLog:Microsoft-Windows-PowerShell/Operational",
    "_bkt": "main~3~D9137144-2BA4-49FB-A605-EB695929BB1A",
    "_cd": "3:4157",
    "_indextime": "1754500919",
    "_serial": "7",
    "_si": [
      "PS-DEV-01",
      "main"
    ],
    "_sourcetype": "WinEventLog:Microsoft-Windows-PowerShell/Operational",
    "host": "PS-VICTIM-01",
    "index": "main",
    "linecount": "15",
    "splunk_server": "PS-DEV-01"
  },
  {
    "_raw": "08/06/2025 05:21:58 PM\nLogName=Microsoft-Windows-PowerShell/Operational\nEventCode=40961\nEventType=4\nComputerName=PS-VICTIM-01.powershellsentinel.local\nUser=NOT_TRANSLATED\nSid=S-1-5-21-3587967245-3585281529-945259784-500\nSidType=0\nSourceName=Microsoft-Windows-PowerShell\nType=Information\nRecordNumber=354\nKeywords=None\nTaskCategory=PowerShell Console Startup\nOpCode=Start\nMessage=PowerShell console is starting up",
    "_time": "2025-08-06T17:21:58.000+00:00",
    "source": "WinEventLog:Microsoft-Windows-PowerShell/Operational",
    "sourcetype": "WinEventLog:Microsoft-Windows-PowerShell/Operational",
    "_bkt": "main~3~D9137144-2BA4-49FB-A605-EB695929BB1A",
    "_cd": "3:4143",
    "_indextime": "1754500919",
    "_serial": "8",
    "_si": [
      "PS-DEV-01",
      "main"
    ],
    "_sourcetype": "WinEventLog:Microsoft-Windows-PowerShell/Operational",
    "host": "PS-VICTIM-01",
    "index": "main",
    "linecount": "15",
    "splunk_server": "PS-DEV-01"
  }
]