[
  {
    "_raw": "08/06/2025 05:23:29 PM\nLogName=Microsoft-Windows-PowerShell/Operational\nEventCode=4104\nEventType=5\nComputerName=PS-VICTIM-01.powershellsentinel.local\nUser=NOT_TRANSLATED\nSid=S-1-5-21-3587967245-3585281529-945259784-500\nSidType=0\nSourceName=Microsoft-Windows-PowerShell\nType=Verbose\nRecordNumber=398\nKeywords=None\nTaskCategory=Execute a Remote Command\nOpCode=On create calls\nMessage=Creating Scriptblock text (1 of 1):\n$global:?\n\nScriptBlock ID: 5d701740-5029-481d-a3db-5ba22a356de4\nPath:",
    "_time": "2025-08-06T17:23:29.000+00:00",
    "source": "WinEventLog:Microsoft-Windows-PowerShell/Operational",
    "sourcetype": "WinEventLog:Microsoft-Windows-PowerShell/Operational",
    "_bkt": "main~3~D9137144-2BA4-49FB-A605-EB695929BB1A",
    "_cd": "3:6238",
    "_indextime": "1754501010",
    "_serial": "0",
    "_si": [
      "PS-DEV-01",
      "main"
    ],
    "_sourcetype": "WinEventLog:Microsoft-Windows-PowerShell/Operational",
    "host": "PS-VICTIM-01",
    "index": "main",
    "linecount": "19",
    "splunk_server": "PS-DEV-01"
  },
  {
    "_raw": "08/06/2025 05:23:29 PM\nLogName=Microsoft-Windows-PowerShell/Operational\nEventCode=4103\nEventType=4\nComputerName=PS-VICTIM-01.powershellsentinel.local\nUser=NOT_TRANSLATED\nSid=S-1-5-21-3587967245-3585281529-945259784-500\nSidType=0\nSourceName=Microsoft-Windows-PowerShell\nType=Information\nRecordNumber=397\nKeywords=None\nTaskCategory=Executing Pipeline\nOpCode=To be used when operation is just executing a method\nMessage=CommandInvocation(Out-Default): \"Out-Default\"\n\n\nContext:\n        Severity = Informational\n        Host Name = ConsoleHost\n        Host Version = 5.1.20348.3932\n        Host ID = 26c8b83e-4d53-4db2-8ac0-0e6a3fd458ae\n        Host Application = powershell.exe -Command netstat -an\n        Engine Version = 5.1.20348.3932\n        Runspace ID = 22b96696-4e37-4a9f-9ddc-38cca54480d0\n        Pipeline ID = 1\n        Command Name = \n        Command Type = Script\n        Script Name = \n        Command Path = \n        Sequence Number = 16\n        User = POWERSHELLSENTI\\lab_admin\n        Connected User = \n        Shell ID = Microsoft.PowerShell\n\n\nUser Data:",
    "_time": "2025-08-06T17:23:29.000+00:00",
    "source": "WinEventLog:Microsoft-Windows-PowerShell/Operational",
    "sourcetype": "WinEventLog:Microsoft-Windows-PowerShell/Operational",
    "_bkt": "main~3~D9137144-2BA4-49FB-A605-EB695929BB1A",
    "_cd": "3:6203",
    "_indextime": "1754501010",
    "_serial": "1",
    "_si": [
      "PS-DEV-01",
      "main"
    ],
    "_sourcetype": "WinEventLog:Microsoft-Windows-PowerShell/Operational",
    "host": "PS-VICTIM-01",
    "index": "main",
    "linecount": "37",
    "splunk_server": "PS-DEV-01"
  },
  {
    "_raw": "08/06/2025 05:23:29 PM\nLogName=Microsoft-Windows-PowerShell/Operational\nEventCode=4104\nEventType=5\nComputerName=PS-VICTIM-01.powershellsentinel.local\nUser=NOT_TRANSLATED\nSid=S-1-5-21-3587967245-3585281529-945259784-500\nSidType=0\nSourceName=Microsoft-Windows-PowerShell\nType=Verbose\nRecordNumber=396\nKeywords=None\nTaskCategory=Execute a Remote Command\nOpCode=On create calls\nMessage=Creating Scriptblock text (1 of 1):\nnetstat -an\n\nScriptBlock ID: 7491b9b5-0542-40bc-8de4-ccbbb08b0504\nPath:",
    "_time": "2025-08-06T17:23:29.000+00:00",
    "source": "WinEventLog:Microsoft-Windows-PowerShell/Operational",
    "sourcetype": "WinEventLog:Microsoft-Windows-PowerShell/Operational",
    "_bkt": "main~3~D9137144-2BA4-49FB-A605-EB695929BB1A",
    "_cd": "3:6187",
    "_indextime": "1754501010",
    "_serial": "2",
    "_si": [
      "PS-DEV-01",
      "main"
    ],
    "_sourcetype": "WinEventLog:Microsoft-Windows-PowerShell/Operational",
    "host": "PS-VICTIM-01",
    "index": "main",
    "linecount": "19",
    "splunk_server": "PS-DEV-01"
  },
  {
    "_raw": "08/06/2025 05:23:29 PM\nLogName=Microsoft-Windows-PowerShell/Operational\nEventCode=40962\nEventType=4\nComputerName=PS-VICTIM-01.powershellsentinel.local\nUser=NOT_TRANSLATED\nSid=S-1-5-21-3587967245-3585281529-945259784-500\nSidType=0\nSourceName=Microsoft-Windows-PowerShell\nType=Information\nRecordNumber=395\nKeywords=None\nTaskCategory=PowerShell Console Startup\nOpCode=Stop\nMessage=PowerShell console is ready for user input",
    "_time": "2025-08-06T17:23:29.000+00:00",
    "source": "WinEventLog:Microsoft-Windows-PowerShell/Operational",
    "sourcetype": "WinEventLog:Microsoft-Windows-PowerShell/Operational",
    "_bkt": "main~3~D9137144-2BA4-49FB-A605-EB695929BB1A",
    "_cd": "3:6173",
    "_indextime": "1754501010",
    "_serial": "3",
    "_si": [
      "PS-DEV-01",
      "main"
    ],
    "_sourcetype": "WinEventLog:Microsoft-Windows-PowerShell/Operational",
    "host": "PS-VICTIM-01",
    "index": "main",
    "linecount": "15",
    "splunk_server": "PS-DEV-01"
  },
  {
    "_raw": "08/06/2025 05:23:29 PM\nLogName=Microsoft-Windows-PowerShell/Operational\nEventCode=53504\nEventType=4\nComputerName=PS-VICTIM-01.powershellsentinel.local\nUser=NOT_TRANSLATED\nSid=S-1-5-21-3587967245-3585281529-945259784-500\nSidType=0\nSourceName=Microsoft-Windows-PowerShell\nType=Information\nRecordNumber=394\nKeywords=None\nTaskCategory=PowerShell Named Pipe IPC\nOpCode=Open (async)\nMessage=Windows PowerShell has started an IPC listening thread on process: 3936 in AppDomain: DefaultAppDomain.",
    "_time": "2025-08-06T17:23:29.000+00:00",
    "source": "WinEventLog:Microsoft-Windows-PowerShell/Operational",
    "sourcetype": "WinEventLog:Microsoft-Windows-PowerShell/Operational",
    "_bkt": "main~3~D9137144-2BA4-49FB-A605-EB695929BB1A",
    "_cd": "3:6157",
    "_indextime": "1754501010",
    "_serial": "4",
    "_si": [
      "PS-DEV-01",
      "main"
    ],
    "_sourcetype": "WinEventLog:Microsoft-Windows-PowerShell/Operational",
    "host": "PS-VICTIM-01",
    "index": "main",
    "linecount": "15",
    "splunk_server": "PS-DEV-01"
  },
  {
    "_raw": "08/06/2025 05:23:29 PM\nLogName=Microsoft-Windows-PowerShell/Operational\nEventCode=40961\nEventType=4\nComputerName=PS-VICTIM-01.powershellsentinel.local\nUser=NOT_TRANSLATED\nSid=S-1-5-21-3587967245-3585281529-945259784-500\nSidType=0\nSourceName=Microsoft-Windows-PowerShell\nType=Information\nRecordNumber=393\nKeywords=None\nTaskCategory=PowerShell Console Startup\nOpCode=Start\nMessage=PowerShell console is starting up",
    "_time": "2025-08-06T17:23:29.000+00:00",
    "source": "WinEventLog:Microsoft-Windows-PowerShell/Operational",
    "sourcetype": "WinEventLog:Microsoft-Windows-PowerShell/Operational",
    "_bkt": "main~3~D9137144-2BA4-49FB-A605-EB695929BB1A",
    "_cd": "3:6143",
    "_indextime": "1754501010",
    "_serial": "5",
    "_si": [
      "PS-DEV-01",
      "main"
    ],
    "_sourcetype": "WinEventLog:Microsoft-Windows-PowerShell/Operational",
    "host": "PS-VICTIM-01",
    "index": "main",
    "linecount": "15",
    "splunk_server": "PS-DEV-01"
  }
]