[
  {
    "_raw": "08/06/2025 05:19:41 PM\nLogName=Microsoft-Windows-PowerShell/Operational\nEventCode=4104\nEventType=5\nComputerName=PS-VICTIM-01.powershellsentinel.local\nUser=NOT_TRANSLATED\nSid=S-1-5-21-3587967245-3585281529-945259784-500\nSidType=0\nSourceName=Microsoft-Windows-PowerShell\nType=Verbose\nRecordNumber=310\nKeywords=None\nTaskCategory=Execute a Remote Command\nOpCode=On create calls\nMessage=Creating Scriptblock text (1 of 1):\n$global:?\n\nScriptBlock ID: 55e63678-d64f-4f95-a73e-b75814e707f3\nPath:",
    "_time": "2025-08-06T17:19:41.000+00:00",
    "source": "WinEventLog:Microsoft-Windows-PowerShell/Operational",
    "sourcetype": "WinEventLog:Microsoft-Windows-PowerShell/Operational",
    "_bkt": "main~3~D9137144-2BA4-49FB-A605-EB695929BB1A",
    "_cd": "3:3230",
    "_indextime": "1754500782",
    "_serial": "0",
    "_si": [
      "PS-DEV-01",
      "main"
    ],
    "_sourcetype": "WinEventLog:Microsoft-Windows-PowerShell/Operational",
    "host": "PS-VICTIM-01",
    "index": "main",
    "linecount": "19",
    "splunk_server": "PS-DEV-01"
  },
  {
    "_raw": "08/06/2025 05:19:41 PM\nLogName=Microsoft-Windows-PowerShell/Operational\nEventCode=4103\nEventType=4\nComputerName=PS-VICTIM-01.powershellsentinel.local\nUser=NOT_TRANSLATED\nSid=S-1-5-21-3587967245-3585281529-945259784-500\nSidType=0\nSourceName=Microsoft-Windows-PowerShell\nType=Information\nRecordNumber=309\nKeywords=None\nTaskCategory=Executing Pipeline\nOpCode=To be used when operation is just executing a method\nMessage=CommandInvocation(Out-Default): \"Out-Default\"\nParameterBinding(Out-Default): name=\"InputObject\"; value=\"ADFS\"\nParameterBinding(Out-Default): name=\"InputObject\"; value=\"appcompat\"\nParameterBinding(Out-Default): name=\"InputObject\"; value=\"apppatch\"\nParameterBinding(Out-Default): name=\"InputObject\"; value=\"AppReadiness\"\nParameterBinding(Out-Default): name=\"InputObject\"; value=\"assembly\"\nParameterBinding(Out-Default): name=\"InputObject\"; value=\"bcastdvr\"\nParameterBinding(Out-Default): name=\"InputObject\"; value=\"Boot\"\nParameterBinding(Out-Default): name=\"InputObject\"; value=\"Branding\"\nParameterBinding(Out-Default): name=\"InputObject\"; value=\"BrowserCore\"\nParameterBinding(Out-Default): name=\"InputObject\"; value=\"CbsTemp\"\nParameterBinding(Out-Default): name=\"InputObject\"; value=\"Containers\"\nParameterBinding(Out-Default): name=\"InputObject\"; value=\"Cursors\"\nParameterBinding(Out-Default): name=\"InputObject\"; value=\"debug\"\nParameterBinding(Out-Default): name=\"InputObject\"; value=\"diagnostics\"\nParameterBinding(Out-Default): name=\"InputObject\"; value=\"DiagTrack\"\nParameterBinding(Out-Default): name=\"InputObject\"; value=\"DigitalLocker\"\nParameterBinding(Out-Default): name=\"InputObject\"; value=\"Downloaded Program Files\"\nParameterBinding(Out-Default): name=\"InputObject\"; value=\"drivers\"\nParameterBinding(Out-Default): name=\"InputObject\"; value=\"en-US\"\nParameterBinding(Out-Default): name=\"InputObject\"; value=\"Fonts\"\nParameterBinding(Out-Default): name=\"InputObject\"; value=\"Globalization\"\nParameterBinding(Out-Default): name=\"InputObject\"; value=\"Help\"\nParameterBinding(Out-Default): name=\"InputObject\"; value=\"IdentityCRL\"\nParameterBinding(Out-Default): name=\"InputObject\"; value=\"IME\"\nParameterBinding(Out-Default): name=\"InputObject\"; value=\"ImmersiveControlPanel\"\nParameterBinding(Out-Default): name=\"InputObject\"; value=\"INF\"\nParameterBinding(Out-Default): name=\"InputObject\"; value=\"InputMethod\"\nParameterBinding(Out-Default): name=\"InputObject\"; value=\"L2Schemas\"\nParameterBinding(Out-Default): name=\"InputObject\"; value=\"LiveKernelReports\"\nParameterBinding(Out-Default): name=\"InputObject\"; value=\"Logs\"\nParameterBinding(Out-Default): name=\"InputObject\"; value=\"Media\"\nParameterBinding(Out-Default): name=\"InputObject\"; value=\"Microsoft.NET\"\nParameterBinding(Out-Default): name=\"InputObject\"; value=\"Migration\"\nParameterBinding(Out-Default): name=\"InputObject\"; value=\"ModemLogs\"\nParameterBinding(Out-Default): name=\"InputObject\"; value=\"OCR\"\nParameterBinding(Out-Default): name=\"InputObject\"; value=\"OEM\"\nParameterBinding(Out-Default): name=\"InputObject\"; value=\"Offline Web Pages\"\nParameterBinding(Out-Default): name=\"InputObject\"; value=\"Panther\"\nParameterBinding(Out-Default): name=\"InputObject\"; value=\"Performance\"\nParameterBinding(Out-Default): name=\"InputObject\"; value=\"PLA\"\nParameterBinding(Out-Default): name=\"InputObject\"; value=\"PolicyDefinitions\"\nParameterBinding(Out-Default): name=\"InputObject\"; value=\"Prefetch\"\nParameterBinding(Out-Default): name=\"InputObject\"; value=\"PrintDialog\"\nParameterBinding(Out-Default): name=\"InputObject\"; value=\"Provisioning\"\nParameterBinding(Out-Default): name=\"InputObject\"; value=\"Registration\"\nParameterBinding(Out-Default): name=\"InputObject\"; value=\"RemotePackages\"\nParameterBinding(Out-Default): name=\"InputObject\"; value=\"rescache\"\nParameterBinding(Out-Default): name=\"InputObject\"; value=\"Resources\"\nParameterBinding(Out-Default): name=\"InputObject\"; value=\"SchCache\"\nParameterBinding(Out-Default): name=\"InputObject\"; value=\"schemas\"\nParameterBinding(Out-Default): name=\"InputObject\"; value=\"security\"\nParameterBinding(Out-Default): name=\"InputObject\"; value=\"ServiceProfiles\"\nParameterBinding(Out-Default): name=\"InputObject\"; value=\"ServiceState\"\nParameterBinding(Out-Default): name=\"InputObject\"; value=\"servicing\"\nParameterBinding(Out-Default): name=\"InputObject\"; value=\"Setup\"\nParameterBinding(Out-Default): name=\"InputObject\"; value=\"ShellComponents\"\nParameterBinding(Out-Default): name=\"InputObject\"; value=\"ShellExperiences\"\nParameterBinding(Out-Default): name=\"InputObject\"; value=\"SKB\"\nParameterBinding(Out-Default): name=\"InputObject\"; value=\"SoftwareDistribution\"\nParameterBinding(Out-Default): name=\"InputObject\"; value=\"Speech\"\nParameterBinding(Out-Default): name=\"InputObject\"; value=\"Speech_OneCore\"\nParameterBinding(Out-Default): name=\"InputObject\"; value=\"System\"\nParameterBinding(Out-Default): name=\"InputObject\"; value=\"System32\"\nParameterBinding(Out-Default): name=\"InputObject\"; value=\"SystemApps\"\nParameterBinding(Out-Default): name=\"InputObject\"; value=\"SystemResources\"\nParameterBinding(Out-Default): name=\"InputObject\"; value=\"SystemTemp\"\nParameterBinding(Out-Default): name=\"InputObject\"; value=\"SysWOW64\"\nParameterBinding(Out-Default): name=\"InputObject\"; value=\"TAPI\"\nParameterBinding(Out-Default): name=\"InputObject\"; value=\"Tasks\"\nParameterBinding(Out-Default): name=\"InputObject\"; value=\"Temp\"\nParameterBinding(Out-Default): name=\"InputObject\"; value=\"tracing\"\nParameterBinding(Out-Default): name=\"InputObject\"; value=\"twain_32\"\nParameterBinding(Out-Default): name=\"InputObject\"; value=\"Vss\"\nParameterBinding(Out-Default): name=\"InputObject\"; value=\"WaaS\"\nParameterBinding(Out-Default): name=\"InputObject\"; value=\"Web\"\nParameterBinding(Out-Default): name=\"InputObject\"; value=\"WinSxS\"\nParameterBinding(Out-Default): name=\"InputObject\"; value=\"bfsvc.exe\"\nParameterBinding(Out-Default): name=\"InputObject\"; value=\"bootstat.dat\"\nParameterBinding(Out-Default): name=\"InputObject\"; value=\"DtcInstall.log\"\nParameterBinding(Out-Default): name=\"InputObject\"; value=\"explorer.exe\"\nParameterBinding(Out-Default): name=\"InputObject\"; value=\"HelpPane.exe\"\nParameterBinding(Out-Default): name=\"InputObject\"; value=\"hh.exe\"\nParameterBinding(Out-Default): name=\"InputObject\"; value=\"lsasetup.log\"\nParameterBinding(Out-Default): name=\"InputObject\"; value=\"mib.bin\"\nParameterBinding(Out-Default): name=\"InputObject\"; value=\"notepad.exe\"\nParameterBinding(Out-Default): name=\"InputObject\"; value=\"PFRO.log\"\nParameterBinding(Out-Default): name=\"InputObject\"; value=\"regedit.exe\"\nParameterBinding(Out-Default): name=\"InputObject\"; value=\"ServerTurbine.xml\"\nParameterBinding(Out-Default): name=\"InputObject\"; value=\"splwow64.exe\"\nParameterBinding(Out-Default): name=\"InputObject\"; value=\"Sysmon.exe\"\nParameterBinding(Out-Default): name=\"InputObject\"; value=\"SysmonDrv.sys\"\nParameterBinding(Out-Default): name=\"InputObject\"; value=\"system.ini\"\nParameterBinding(Out-Default): name=\"InputObject\"; value=\"twain_32.dll\"\nParameterBinding(Out-Default): name=\"InputObject\"; value=\"win.ini\"\nParameterBinding(Out-Default): name=\"InputObject\"; value=\"WindowsUpdate.log\"\nParameterBinding(Out-Default): name=\"InputObject\"; value=\"winhlp32.exe\"\nParameterBinding(Out-Default): name=\"InputObject\"; value=\"WMSysPr9.prx\"\nParameterBinding(Out-Default): name=\"InputObject\"; value=\"write.exe\"\n\n\nContext:\n        Severity = Informational\n        Host Name = ConsoleHost\n        Host Version = 5.1.20348.3932\n        Host ID = 15073864-c937-4225-880e-973628008151\n        Host Application = powershell.exe -Command dir C:\\Windows\n        Engine Version = 5.1.20348.3932\n        Runspace ID = 0a6e18bc-c5a5-4bdf-b063-6d4f1afae690\n        Pipeline ID = 1\n        Command Name = \n        Command Type = Script\n        Script Name = \n        Command Path = \n        Sequence Number = 18\n        User = POWERSHELLSENTI\\lab_admin\n        Connected User = \n        Shell ID = Microsoft.PowerShell\n\n\nUser Data:",
    "_time": "2025-08-06T17:19:41.000+00:00",
    "source": "WinEventLog:Microsoft-Windows-PowerShell/Operational",
    "sourcetype": "WinEventLog:Microsoft-Windows-PowerShell/Operational",
    "_bkt": "main~3~D9137144-2BA4-49FB-A605-EB695929BB1A",
    "_cd": "3:2979",
    "_indextime": "1754500782",
    "_serial": "1",
    "_si": [
      "PS-DEV-01",
      "main"
    ],
    "_sourcetype": "WinEventLog:Microsoft-Windows-PowerShell/Operational",
    "host": "PS-VICTIM-01",
    "index": "main",
    "linecount": "135",
    "splunk_server": "PS-DEV-01"
  },
  {
    "_raw": "08/06/2025 05:19:41 PM\nLogName=Microsoft-Windows-PowerShell/Operational\nEventCode=4103\nEventType=4\nComputerName=PS-VICTIM-01.powershellsentinel.local\nUser=NOT_TRANSLATED\nSid=S-1-5-21-3587967245-3585281529-945259784-500\nSidType=0\nSourceName=Microsoft-Windows-PowerShell\nType=Information\nRecordNumber=308\nKeywords=None\nTaskCategory=Executing Pipeline\nOpCode=To be used when operation is just executing a method\nMessage=CommandInvocation(Get-ChildItem): \"Get-ChildItem\"\nParameterBinding(Get-ChildItem): name=\"Path\"; value=\"C:\\Windows\"\n\n\nContext:\n        Severity = Informational\n        Host Name = ConsoleHost\n        Host Version = 5.1.20348.3932\n        Host ID = 15073864-c937-4225-880e-973628008151\n        Host Application = powershell.exe -Command dir C:\\Windows\n        Engine Version = 5.1.20348.3932\n        Runspace ID = 0a6e18bc-c5a5-4bdf-b063-6d4f1afae690\n        Pipeline ID = 1\n        Command Name = Get-ChildItem\n        Command Type = Cmdlet\n        Script Name = \n        Command Path = \n        Sequence Number = 16\n        User = POWERSHELLSENTI\\lab_admin\n        Connected User = \n        Shell ID = Microsoft.PowerShell\n\n\nUser Data:",
    "_time": "2025-08-06T17:19:41.000+00:00",
    "source": "WinEventLog:Microsoft-Windows-PowerShell/Operational",
    "sourcetype": "WinEventLog:Microsoft-Windows-PowerShell/Operational",
    "_bkt": "main~3~D9137144-2BA4-49FB-A605-EB695929BB1A",
    "_cd": "3:2941",
    "_indextime": "1754500782",
    "_serial": "2",
    "_si": [
      "PS-DEV-01",
      "main"
    ],
    "_sourcetype": "WinEventLog:Microsoft-Windows-PowerShell/Operational",
    "host": "PS-VICTIM-01",
    "index": "main",
    "linecount": "38",
    "splunk_server": "PS-DEV-01"
  },
  {
    "_raw": "08/06/2025 05:19:41 PM\nLogName=Microsoft-Windows-PowerShell/Operational\nEventCode=4104\nEventType=5\nComputerName=PS-VICTIM-01.powershellsentinel.local\nUser=NOT_TRANSLATED\nSid=S-1-5-21-3587967245-3585281529-945259784-500\nSidType=0\nSourceName=Microsoft-Windows-PowerShell\nType=Verbose\nRecordNumber=307\nKeywords=None\nTaskCategory=Execute a Remote Command\nOpCode=On create calls\nMessage=Creating Scriptblock text (1 of 1):\ndir C:\\Windows\n\nScriptBlock ID: 5fd9be41-063f-43a7-9800-f58fe5c453ed\nPath:",
    "_time": "2025-08-06T17:19:41.000+00:00",
    "source": "WinEventLog:Microsoft-Windows-PowerShell/Operational",
    "sourcetype": "WinEventLog:Microsoft-Windows-PowerShell/Operational",
    "_bkt": "main~3~D9137144-2BA4-49FB-A605-EB695929BB1A",
    "_cd": "3:2924",
    "_indextime": "1754500782",
    "_serial": "3",
    "_si": [
      "PS-DEV-01",
      "main"
    ],
    "_sourcetype": "WinEventLog:Microsoft-Windows-PowerShell/Operational",
    "host": "PS-VICTIM-01",
    "index": "main",
    "linecount": "19",
    "splunk_server": "PS-DEV-01"
  },
  {
    "_raw": "08/06/2025 05:19:41 PM\nLogName=Microsoft-Windows-PowerShell/Operational\nEventCode=40962\nEventType=4\nComputerName=PS-VICTIM-01.powershellsentinel.local\nUser=NOT_TRANSLATED\nSid=S-1-5-21-3587967245-3585281529-945259784-500\nSidType=0\nSourceName=Microsoft-Windows-PowerShell\nType=Information\nRecordNumber=306\nKeywords=None\nTaskCategory=PowerShell Console Startup\nOpCode=Stop\nMessage=PowerShell console is ready for user input",
    "_time": "2025-08-06T17:19:41.000+00:00",
    "source": "WinEventLog:Microsoft-Windows-PowerShell/Operational",
    "sourcetype": "WinEventLog:Microsoft-Windows-PowerShell/Operational",
    "_bkt": "main~3~D9137144-2BA4-49FB-A605-EB695929BB1A",
    "_cd": "3:2910",
    "_indextime": "1754500782",
    "_serial": "4",
    "_si": [
      "PS-DEV-01",
      "main"
    ],
    "_sourcetype": "WinEventLog:Microsoft-Windows-PowerShell/Operational",
    "host": "PS-VICTIM-01",
    "index": "main",
    "linecount": "15",
    "splunk_server": "PS-DEV-01"
  },
  {
    "_raw": "08/06/2025 05:19:41 PM\nLogName=Microsoft-Windows-PowerShell/Operational\nEventCode=53504\nEventType=4\nComputerName=PS-VICTIM-01.powershellsentinel.local\nUser=NOT_TRANSLATED\nSid=S-1-5-21-3587967245-3585281529-945259784-500\nSidType=0\nSourceName=Microsoft-Windows-PowerShell\nType=Information\nRecordNumber=305\nKeywords=None\nTaskCategory=PowerShell Named Pipe IPC\nOpCode=Open (async)\nMessage=Windows PowerShell has started an IPC listening thread on process: 7760 in AppDomain: DefaultAppDomain.",
    "_time": "2025-08-06T17:19:41.000+00:00",
    "source": "WinEventLog:Microsoft-Windows-PowerShell/Operational",
    "sourcetype": "WinEventLog:Microsoft-Windows-PowerShell/Operational",
    "_bkt": "main~3~D9137144-2BA4-49FB-A605-EB695929BB1A",
    "_cd": "3:2894",
    "_indextime": "1754500782",
    "_serial": "5",
    "_si": [
      "PS-DEV-01",
      "main"
    ],
    "_sourcetype": "WinEventLog:Microsoft-Windows-PowerShell/Operational",
    "host": "PS-VICTIM-01",
    "index": "main",
    "linecount": "15",
    "splunk_server": "PS-DEV-01"
  },
  {
    "_raw": "08/06/2025 05:19:41 PM\nLogName=Microsoft-Windows-PowerShell/Operational\nEventCode=40961\nEventType=4\nComputerName=PS-VICTIM-01.powershellsentinel.local\nUser=NOT_TRANSLATED\nSid=S-1-5-21-3587967245-3585281529-945259784-500\nSidType=0\nSourceName=Microsoft-Windows-PowerShell\nType=Information\nRecordNumber=304\nKeywords=None\nTaskCategory=PowerShell Console Startup\nOpCode=Start\nMessage=PowerShell console is starting up",
    "_time": "2025-08-06T17:19:41.000+00:00",
    "source": "WinEventLog:Microsoft-Windows-PowerShell/Operational",
    "sourcetype": "WinEventLog:Microsoft-Windows-PowerShell/Operational",
    "_bkt": "main~3~D9137144-2BA4-49FB-A605-EB695929BB1A",
    "_cd": "3:2880",
    "_indextime": "1754500782",
    "_serial": "6",
    "_si": [
      "PS-DEV-01",
      "main"
    ],
    "_sourcetype": "WinEventLog:Microsoft-Windows-PowerShell/Operational",
    "host": "PS-VICTIM-01",
    "index": "main",
    "linecount": "15",
    "splunk_server": "PS-DEV-01"
  }
]