[
  {
    "_raw": "08/06/2025 10:17:50 PM\nLogName=Microsoft-Windows-PowerShell/Operational\nEventCode=4104\nEventType=5\nComputerName=PS-VICTIM-01.powershellsentinel.local\nUser=NOT_TRANSLATED\nSid=S-1-5-21-3587967245-3585281529-945259784-500\nSidType=0\nSourceName=Microsoft-Windows-PowerShell\nType=Verbose\nRecordNumber=884\nKeywords=None\nTaskCategory=Execute a Remote Command\nOpCode=On create calls\nMessage=Creating Scriptblock text (1 of 1):\n$global:?\n\nScriptBlock ID: 5c8373b5-93d2-4ffe-9799-856abf948b2c\nPath:",
    "_time": "2025-08-06T22:17:50.000+00:00",
    "source": "WinEventLog:Microsoft-Windows-PowerShell/Operational",
    "sourcetype": "WinEventLog:Microsoft-Windows-PowerShell/Operational",
    "_bkt": "main~4~D9137144-2BA4-49FB-A605-EB695929BB1A",
    "_cd": "4:1511",
    "_indextime": "1754518671",
    "_serial": "0",
    "_si": [
      "PS-DEV-01",
      "main"
    ],
    "_sourcetype": "WinEventLog:Microsoft-Windows-PowerShell/Operational",
    "host": "PS-VICTIM-01",
    "index": "main",
    "linecount": "19",
    "splunk_server": "PS-DEV-01"
  },
  {
    "_raw": "08/06/2025 10:17:50 PM\nLogName=Microsoft-Windows-PowerShell/Operational\nEventCode=4103\nEventType=4\nComputerName=PS-VICTIM-01.powershellsentinel.local\nUser=NOT_TRANSLATED\nSid=S-1-5-21-3587967245-3585281529-945259784-500\nSidType=0\nSourceName=Microsoft-Windows-PowerShell\nType=Information\nRecordNumber=883\nKeywords=None\nTaskCategory=Executing Pipeline\nOpCode=To be used when operation is just executing a method\nMessage=CommandInvocation(Out-Default): \"Out-Default\"\n\n\nContext:\n        Severity = Informational\n        Host Name = ConsoleHost\n        Host Version = 5.1.20348.3932\n        Host ID = 9660683f-6ba1-4f73-8981-38f1a1ae7521\n        Host Application = powershell.exe -Command findstr /si password *.txt\n        Engine Version = 5.1.20348.3932\n        Runspace ID = 23de6904-4c65-454f-80db-7ce4a1a10e88\n        Pipeline ID = 1\n        Command Name = \n        Command Type = Script\n        Script Name = \n        Command Path = \n        Sequence Number = 16\n        User = POWERSHELLSENTI\\lab_admin\n        Connected User = \n        Shell ID = Microsoft.PowerShell\n\n\nUser Data:",
    "_time": "2025-08-06T22:17:50.000+00:00",
    "source": "WinEventLog:Microsoft-Windows-PowerShell/Operational",
    "sourcetype": "WinEventLog:Microsoft-Windows-PowerShell/Operational",
    "_bkt": "main~4~D9137144-2BA4-49FB-A605-EB695929BB1A",
    "_cd": "4:1475",
    "_indextime": "1754518671",
    "_serial": "1",
    "_si": [
      "PS-DEV-01",
      "main"
    ],
    "_sourcetype": "WinEventLog:Microsoft-Windows-PowerShell/Operational",
    "host": "PS-VICTIM-01",
    "index": "main",
    "linecount": "37",
    "splunk_server": "PS-DEV-01"
  },
  {
    "_raw": "08/06/2025 10:17:50 PM\nLogName=Microsoft-Windows-PowerShell/Operational\nEventCode=4104\nEventType=5\nComputerName=PS-VICTIM-01.powershellsentinel.local\nUser=NOT_TRANSLATED\nSid=S-1-5-21-3587967245-3585281529-945259784-500\nSidType=0\nSourceName=Microsoft-Windows-PowerShell\nType=Verbose\nRecordNumber=882\nKeywords=None\nTaskCategory=Execute a Remote Command\nOpCode=On create calls\nMessage=Creating Scriptblock text (1 of 1):\nfindstr /si password *.txt\n\nScriptBlock ID: 44e9a66b-aecd-4cd7-905f-ed5f24cbfd2f\nPath:",
    "_time": "2025-08-06T22:17:50.000+00:00",
    "source": "WinEventLog:Microsoft-Windows-PowerShell/Operational",
    "sourcetype": "WinEventLog:Microsoft-Windows-PowerShell/Operational",
    "_bkt": "main~4~D9137144-2BA4-49FB-A605-EB695929BB1A",
    "_cd": "4:1458",
    "_indextime": "1754518671",
    "_serial": "2",
    "_si": [
      "PS-DEV-01",
      "main"
    ],
    "_sourcetype": "WinEventLog:Microsoft-Windows-PowerShell/Operational",
    "host": "PS-VICTIM-01",
    "index": "main",
    "linecount": "19",
    "splunk_server": "PS-DEV-01"
  },
  {
    "_raw": "08/06/2025 10:17:50 PM\nLogName=Microsoft-Windows-PowerShell/Operational\nEventCode=40962\nEventType=4\nComputerName=PS-VICTIM-01.powershellsentinel.local\nUser=NOT_TRANSLATED\nSid=S-1-5-21-3587967245-3585281529-945259784-500\nSidType=0\nSourceName=Microsoft-Windows-PowerShell\nType=Information\nRecordNumber=881\nKeywords=None\nTaskCategory=PowerShell Console Startup\nOpCode=Stop\nMessage=PowerShell console is ready for user input",
    "_time": "2025-08-06T22:17:50.000+00:00",
    "source": "WinEventLog:Microsoft-Windows-PowerShell/Operational",
    "sourcetype": "WinEventLog:Microsoft-Windows-PowerShell/Operational",
    "_bkt": "main~4~D9137144-2BA4-49FB-A605-EB695929BB1A",
    "_cd": "4:1444",
    "_indextime": "1754518671",
    "_serial": "3",
    "_si": [
      "PS-DEV-01",
      "main"
    ],
    "_sourcetype": "WinEventLog:Microsoft-Windows-PowerShell/Operational",
    "host": "PS-VICTIM-01",
    "index": "main",
    "linecount": "15",
    "splunk_server": "PS-DEV-01"
  },
  {
    "_raw": "08/06/2025 10:17:50 PM\nLogName=Microsoft-Windows-PowerShell/Operational\nEventCode=53504\nEventType=4\nComputerName=PS-VICTIM-01.powershellsentinel.local\nUser=NOT_TRANSLATED\nSid=S-1-5-21-3587967245-3585281529-945259784-500\nSidType=0\nSourceName=Microsoft-Windows-PowerShell\nType=Information\nRecordNumber=880\nKeywords=None\nTaskCategory=PowerShell Named Pipe IPC\nOpCode=Open (async)\nMessage=Windows PowerShell has started an IPC listening thread on process: 6508 in AppDomain: DefaultAppDomain.",
    "_time": "2025-08-06T22:17:50.000+00:00",
    "source": "WinEventLog:Microsoft-Windows-PowerShell/Operational",
    "sourcetype": "WinEventLog:Microsoft-Windows-PowerShell/Operational",
    "_bkt": "main~4~D9137144-2BA4-49FB-A605-EB695929BB1A",
    "_cd": "4:1428",
    "_indextime": "1754518671",
    "_serial": "4",
    "_si": [
      "PS-DEV-01",
      "main"
    ],
    "_sourcetype": "WinEventLog:Microsoft-Windows-PowerShell/Operational",
    "host": "PS-VICTIM-01",
    "index": "main",
    "linecount": "15",
    "splunk_server": "PS-DEV-01"
  },
  {
    "_raw": "08/06/2025 10:17:49 PM\nLogName=Microsoft-Windows-PowerShell/Operational\nEventCode=40961\nEventType=4\nComputerName=PS-VICTIM-01.powershellsentinel.local\nUser=NOT_TRANSLATED\nSid=S-1-5-21-3587967245-3585281529-945259784-500\nSidType=0\nSourceName=Microsoft-Windows-PowerShell\nType=Information\nRecordNumber=879\nKeywords=None\nTaskCategory=PowerShell Console Startup\nOpCode=Start\nMessage=PowerShell console is starting up",
    "_time": "2025-08-06T22:17:49.000+00:00",
    "source": "WinEventLog:Microsoft-Windows-PowerShell/Operational",
    "sourcetype": "WinEventLog:Microsoft-Windows-PowerShell/Operational",
    "_bkt": "main~4~D9137144-2BA4-49FB-A605-EB695929BB1A",
    "_cd": "4:1414",
    "_indextime": "1754518671",
    "_serial": "5",
    "_si": [
      "PS-DEV-01",
      "main"
    ],
    "_sourcetype": "WinEventLog:Microsoft-Windows-PowerShell/Operational",
    "host": "PS-VICTIM-01",
    "index": "main",
    "linecount": "15",
    "splunk_server": "PS-DEV-01"
  }
]