[
  {
    "_raw": "08/06/2025 10:17:01 PM\nLogName=Microsoft-Windows-PowerShell/Operational\nEventCode=4104\nEventType=5\nComputerName=PS-VICTIM-01.powershellsentinel.local\nUser=NOT_TRANSLATED\nSid=S-1-5-21-3587967245-3585281529-945259784-500\nSidType=0\nSourceName=Microsoft-Windows-PowerShell\nType=Verbose\nRecordNumber=872\nKeywords=None\nTaskCategory=Execute a Remote Command\nOpCode=On create calls\nMessage=Creating Scriptblock text (1 of 1):\n$global:?\n\nScriptBlock ID: 52f3b877-1738-4cf0-ab7a-f6e6ceddaf2e\nPath:",
    "_time": "2025-08-06T22:17:01.000+00:00",
    "source": "WinEventLog:Microsoft-Windows-PowerShell/Operational",
    "sourcetype": "WinEventLog:Microsoft-Windows-PowerShell/Operational",
    "_bkt": "main~4~D9137144-2BA4-49FB-A605-EB695929BB1A",
    "_cd": "4:1283",
    "_indextime": "1754518622",
    "_serial": "0",
    "_si": [
      "PS-DEV-01",
      "main"
    ],
    "_sourcetype": "WinEventLog:Microsoft-Windows-PowerShell/Operational",
    "host": "PS-VICTIM-01",
    "index": "main",
    "linecount": "19",
    "splunk_server": "PS-DEV-01"
  },
  {
    "_raw": "08/06/2025 10:17:01 PM\nLogName=Microsoft-Windows-PowerShell/Operational\nEventCode=4103\nEventType=4\nComputerName=PS-VICTIM-01.powershellsentinel.local\nUser=NOT_TRANSLATED\nSid=S-1-5-21-3587967245-3585281529-945259784-500\nSidType=0\nSourceName=Microsoft-Windows-PowerShell\nType=Information\nRecordNumber=871\nKeywords=None\nTaskCategory=Executing Pipeline\nOpCode=To be used when operation is just executing a method\nMessage=CommandInvocation(Out-Default): \"Out-Default\"\n\n\nContext:\n        Severity = Informational\n        Host Name = ConsoleHost\n        Host Version = 5.1.20348.3932\n        Host ID = 2d108292-9013-478e-8426-294304f70bf9\n        Host Application = powershell.exe -Command reg.exe save hklm\\system C:\\system.save\n        Engine Version = 5.1.20348.3932\n        Runspace ID = c3d7cb7e-4dd2-4368-97b9-2b4d538d78f8\n        Pipeline ID = 1\n        Command Name = \n        Command Type = Script\n        Script Name = \n        Command Path = \n        Sequence Number = 16\n        User = POWERSHELLSENTI\\lab_admin\n        Connected User = \n        Shell ID = Microsoft.PowerShell\n\n\nUser Data:",
    "_time": "2025-08-06T22:17:01.000+00:00",
    "source": "WinEventLog:Microsoft-Windows-PowerShell/Operational",
    "sourcetype": "WinEventLog:Microsoft-Windows-PowerShell/Operational",
    "_bkt": "main~4~D9137144-2BA4-49FB-A605-EB695929BB1A",
    "_cd": "4:1247",
    "_indextime": "1754518622",
    "_serial": "1",
    "_si": [
      "PS-DEV-01",
      "main"
    ],
    "_sourcetype": "WinEventLog:Microsoft-Windows-PowerShell/Operational",
    "host": "PS-VICTIM-01",
    "index": "main",
    "linecount": "37",
    "splunk_server": "PS-DEV-01"
  },
  {
    "_raw": "08/06/2025 10:17:01 PM\nLogName=Microsoft-Windows-PowerShell/Operational\nEventCode=4104\nEventType=5\nComputerName=PS-VICTIM-01.powershellsentinel.local\nUser=NOT_TRANSLATED\nSid=S-1-5-21-3587967245-3585281529-945259784-500\nSidType=0\nSourceName=Microsoft-Windows-PowerShell\nType=Verbose\nRecordNumber=870\nKeywords=None\nTaskCategory=Execute a Remote Command\nOpCode=On create calls\nMessage=Creating Scriptblock text (1 of 1):\nreg.exe save hklm\\system C:\\system.save\n\nScriptBlock ID: e0222ddf-7020-42cb-abd5-cd0eea87d430\nPath:",
    "_time": "2025-08-06T22:17:01.000+00:00",
    "source": "WinEventLog:Microsoft-Windows-PowerShell/Operational",
    "sourcetype": "WinEventLog:Microsoft-Windows-PowerShell/Operational",
    "_bkt": "main~4~D9137144-2BA4-49FB-A605-EB695929BB1A",
    "_cd": "4:1230",
    "_indextime": "1754518621",
    "_serial": "2",
    "_si": [
      "PS-DEV-01",
      "main"
    ],
    "_sourcetype": "WinEventLog:Microsoft-Windows-PowerShell/Operational",
    "host": "PS-VICTIM-01",
    "index": "main",
    "linecount": "19",
    "splunk_server": "PS-DEV-01"
  },
  {
    "_raw": "08/06/2025 10:17:01 PM\nLogName=Microsoft-Windows-PowerShell/Operational\nEventCode=40962\nEventType=4\nComputerName=PS-VICTIM-01.powershellsentinel.local\nUser=NOT_TRANSLATED\nSid=S-1-5-21-3587967245-3585281529-945259784-500\nSidType=0\nSourceName=Microsoft-Windows-PowerShell\nType=Information\nRecordNumber=869\nKeywords=None\nTaskCategory=PowerShell Console Startup\nOpCode=Stop\nMessage=PowerShell console is ready for user input",
    "_time": "2025-08-06T22:17:01.000+00:00",
    "source": "WinEventLog:Microsoft-Windows-PowerShell/Operational",
    "sourcetype": "WinEventLog:Microsoft-Windows-PowerShell/Operational",
    "_bkt": "main~4~D9137144-2BA4-49FB-A605-EB695929BB1A",
    "_cd": "4:1216",
    "_indextime": "1754518621",
    "_serial": "3",
    "_si": [
      "PS-DEV-01",
      "main"
    ],
    "_sourcetype": "WinEventLog:Microsoft-Windows-PowerShell/Operational",
    "host": "PS-VICTIM-01",
    "index": "main",
    "linecount": "15",
    "splunk_server": "PS-DEV-01"
  },
  {
    "_raw": "08/06/2025 10:17:01 PM\nLogName=Microsoft-Windows-PowerShell/Operational\nEventCode=53504\nEventType=4\nComputerName=PS-VICTIM-01.powershellsentinel.local\nUser=NOT_TRANSLATED\nSid=S-1-5-21-3587967245-3585281529-945259784-500\nSidType=0\nSourceName=Microsoft-Windows-PowerShell\nType=Information\nRecordNumber=868\nKeywords=None\nTaskCategory=PowerShell Named Pipe IPC\nOpCode=Open (async)\nMessage=Windows PowerShell has started an IPC listening thread on process: 6792 in AppDomain: DefaultAppDomain.",
    "_time": "2025-08-06T22:17:01.000+00:00",
    "source": "WinEventLog:Microsoft-Windows-PowerShell/Operational",
    "sourcetype": "WinEventLog:Microsoft-Windows-PowerShell/Operational",
    "_bkt": "main~4~D9137144-2BA4-49FB-A605-EB695929BB1A",
    "_cd": "4:1200",
    "_indextime": "1754518621",
    "_serial": "4",
    "_si": [
      "PS-DEV-01",
      "main"
    ],
    "_sourcetype": "WinEventLog:Microsoft-Windows-PowerShell/Operational",
    "host": "PS-VICTIM-01",
    "index": "main",
    "linecount": "15",
    "splunk_server": "PS-DEV-01"
  },
  {
    "_raw": "08/06/2025 10:17:01 PM\nLogName=Microsoft-Windows-PowerShell/Operational\nEventCode=40961\nEventType=4\nComputerName=PS-VICTIM-01.powershellsentinel.local\nUser=NOT_TRANSLATED\nSid=S-1-5-21-3587967245-3585281529-945259784-500\nSidType=0\nSourceName=Microsoft-Windows-PowerShell\nType=Information\nRecordNumber=867\nKeywords=None\nTaskCategory=PowerShell Console Startup\nOpCode=Start\nMessage=PowerShell console is starting up",
    "_time": "2025-08-06T22:17:01.000+00:00",
    "source": "WinEventLog:Microsoft-Windows-PowerShell/Operational",
    "sourcetype": "WinEventLog:Microsoft-Windows-PowerShell/Operational",
    "_bkt": "main~4~D9137144-2BA4-49FB-A605-EB695929BB1A",
    "_cd": "4:1186",
    "_indextime": "1754518621",
    "_serial": "5",
    "_si": [
      "PS-DEV-01",
      "main"
    ],
    "_sourcetype": "WinEventLog:Microsoft-Windows-PowerShell/Operational",
    "host": "PS-VICTIM-01",
    "index": "main",
    "linecount": "15",
    "splunk_server": "PS-DEV-01"
  }
]