[
  {
    "_raw": "08/06/2025 05:20:33 PM\nLogName=Microsoft-Windows-PowerShell/Operational\nEventCode=4104\nEventType=5\nComputerName=PS-VICTIM-01.powershellsentinel.local\nUser=NOT_TRANSLATED\nSid=S-1-5-21-3587967245-3585281529-945259784-500\nSidType=0\nSourceName=Microsoft-Windows-PowerShell\nType=Verbose\nRecordNumber=329\nKeywords=None\nTaskCategory=Execute a Remote Command\nOpCode=On create calls\nMessage=Creating Scriptblock text (1 of 1):\n$global:?\n\nScriptBlock ID: 1803bfde-b3a6-4223-93c3-6d7fd3ae96f0\nPath:",
    "_time": "2025-08-06T17:20:33.000+00:00",
    "source": "WinEventLog:Microsoft-Windows-PowerShell/Operational",
    "sourcetype": "WinEventLog:Microsoft-Windows-PowerShell/Operational",
    "_bkt": "main~3~D9137144-2BA4-49FB-A605-EB695929BB1A",
    "_cd": "3:3675",
    "_indextime": "1754500834",
    "_serial": "0",
    "_si": [
      "PS-DEV-01",
      "main"
    ],
    "_sourcetype": "WinEventLog:Microsoft-Windows-PowerShell/Operational",
    "host": "PS-VICTIM-01",
    "index": "main",
    "linecount": "19",
    "splunk_server": "PS-DEV-01"
  },
  {
    "_raw": "08/06/2025 05:20:33 PM\nLogName=Microsoft-Windows-PowerShell/Operational\nEventCode=4103\nEventType=4\nComputerName=PS-VICTIM-01.powershellsentinel.local\nUser=NOT_TRANSLATED\nSid=S-1-5-21-3587967245-3585281529-945259784-500\nSidType=0\nSourceName=Microsoft-Windows-PowerShell\nType=Information\nRecordNumber=328\nKeywords=None\nTaskCategory=Executing Pipeline\nOpCode=To be used when operation is just executing a method\nMessage=CommandInvocation(Out-Default): \"Out-Default\"\n\n\nContext:\n        Severity = Informational\n        Host Name = ConsoleHost\n        Host Version = 5.1.20348.3932\n        Host ID = 1b8bb0d9-1b66-4fb5-9a49-745e2d2a5f62\n        Host Application = powershell.exe -Command whoami\n        Engine Version = 5.1.20348.3932\n        Runspace ID = 2cfad2aa-9d01-42ee-9728-5c672005362f\n        Pipeline ID = 1\n        Command Name = \n        Command Type = Script\n        Script Name = \n        Command Path = \n        Sequence Number = 16\n        User = POWERSHELLSENTI\\lab_admin\n        Connected User = \n        Shell ID = Microsoft.PowerShell\n\n\nUser Data:",
    "_time": "2025-08-06T17:20:33.000+00:00",
    "source": "WinEventLog:Microsoft-Windows-PowerShell/Operational",
    "sourcetype": "WinEventLog:Microsoft-Windows-PowerShell/Operational",
    "_bkt": "main~3~D9137144-2BA4-49FB-A605-EB695929BB1A",
    "_cd": "3:3640",
    "_indextime": "1754500834",
    "_serial": "1",
    "_si": [
      "PS-DEV-01",
      "main"
    ],
    "_sourcetype": "WinEventLog:Microsoft-Windows-PowerShell/Operational",
    "host": "PS-VICTIM-01",
    "index": "main",
    "linecount": "37",
    "splunk_server": "PS-DEV-01"
  },
  {
    "_raw": "08/06/2025 05:20:33 PM\nLogName=Microsoft-Windows-PowerShell/Operational\nEventCode=4104\nEventType=5\nComputerName=PS-VICTIM-01.powershellsentinel.local\nUser=NOT_TRANSLATED\nSid=S-1-5-21-3587967245-3585281529-945259784-500\nSidType=0\nSourceName=Microsoft-Windows-PowerShell\nType=Verbose\nRecordNumber=327\nKeywords=None\nTaskCategory=Execute a Remote Command\nOpCode=On create calls\nMessage=Creating Scriptblock text (1 of 1):\nwhoami\n\nScriptBlock ID: 04c3ba9e-6c34-4e2b-bf04-1f6d6acd44c8\nPath:",
    "_time": "2025-08-06T17:20:33.000+00:00",
    "source": "WinEventLog:Microsoft-Windows-PowerShell/Operational",
    "sourcetype": "WinEventLog:Microsoft-Windows-PowerShell/Operational",
    "_bkt": "main~3~D9137144-2BA4-49FB-A605-EB695929BB1A",
    "_cd": "3:3624",
    "_indextime": "1754500834",
    "_serial": "2",
    "_si": [
      "PS-DEV-01",
      "main"
    ],
    "_sourcetype": "WinEventLog:Microsoft-Windows-PowerShell/Operational",
    "host": "PS-VICTIM-01",
    "index": "main",
    "linecount": "19",
    "splunk_server": "PS-DEV-01"
  },
  {
    "_raw": "08/06/2025 05:20:33 PM\nLogName=Microsoft-Windows-PowerShell/Operational\nEventCode=40962\nEventType=4\nComputerName=PS-VICTIM-01.powershellsentinel.local\nUser=NOT_TRANSLATED\nSid=S-1-5-21-3587967245-3585281529-945259784-500\nSidType=0\nSourceName=Microsoft-Windows-PowerShell\nType=Information\nRecordNumber=326\nKeywords=None\nTaskCategory=PowerShell Console Startup\nOpCode=Stop\nMessage=PowerShell console is ready for user input",
    "_time": "2025-08-06T17:20:33.000+00:00",
    "source": "WinEventLog:Microsoft-Windows-PowerShell/Operational",
    "sourcetype": "WinEventLog:Microsoft-Windows-PowerShell/Operational",
    "_bkt": "main~3~D9137144-2BA4-49FB-A605-EB695929BB1A",
    "_cd": "3:3610",
    "_indextime": "1754500834",
    "_serial": "3",
    "_si": [
      "PS-DEV-01",
      "main"
    ],
    "_sourcetype": "WinEventLog:Microsoft-Windows-PowerShell/Operational",
    "host": "PS-VICTIM-01",
    "index": "main",
    "linecount": "15",
    "splunk_server": "PS-DEV-01"
  },
  {
    "_raw": "08/06/2025 05:20:33 PM\nLogName=Microsoft-Windows-PowerShell/Operational\nEventCode=53504\nEventType=4\nComputerName=PS-VICTIM-01.powershellsentinel.local\nUser=NOT_TRANSLATED\nSid=S-1-5-21-3587967245-3585281529-945259784-500\nSidType=0\nSourceName=Microsoft-Windows-PowerShell\nType=Information\nRecordNumber=325\nKeywords=None\nTaskCategory=PowerShell Named Pipe IPC\nOpCode=Open (async)\nMessage=Windows PowerShell has started an IPC listening thread on process: 6636 in AppDomain: DefaultAppDomain.",
    "_time": "2025-08-06T17:20:33.000+00:00",
    "source": "WinEventLog:Microsoft-Windows-PowerShell/Operational",
    "sourcetype": "WinEventLog:Microsoft-Windows-PowerShell/Operational",
    "_bkt": "main~3~D9137144-2BA4-49FB-A605-EB695929BB1A",
    "_cd": "3:3594",
    "_indextime": "1754500834",
    "_serial": "4",
    "_si": [
      "PS-DEV-01",
      "main"
    ],
    "_sourcetype": "WinEventLog:Microsoft-Windows-PowerShell/Operational",
    "host": "PS-VICTIM-01",
    "index": "main",
    "linecount": "15",
    "splunk_server": "PS-DEV-01"
  },
  {
    "_raw": "08/06/2025 05:20:33 PM\nLogName=Microsoft-Windows-PowerShell/Operational\nEventCode=40961\nEventType=4\nComputerName=PS-VICTIM-01.powershellsentinel.local\nUser=NOT_TRANSLATED\nSid=S-1-5-21-3587967245-3585281529-945259784-500\nSidType=0\nSourceName=Microsoft-Windows-PowerShell\nType=Information\nRecordNumber=324\nKeywords=None\nTaskCategory=PowerShell Console Startup\nOpCode=Start\nMessage=PowerShell console is starting up",
    "_time": "2025-08-06T17:20:33.000+00:00",
    "source": "WinEventLog:Microsoft-Windows-PowerShell/Operational",
    "sourcetype": "WinEventLog:Microsoft-Windows-PowerShell/Operational",
    "_bkt": "main~3~D9137144-2BA4-49FB-A605-EB695929BB1A",
    "_cd": "3:3580",
    "_indextime": "1754500834",
    "_serial": "5",
    "_si": [
      "PS-DEV-01",
      "main"
    ],
    "_sourcetype": "WinEventLog:Microsoft-Windows-PowerShell/Operational",
    "host": "PS-VICTIM-01",
    "index": "main",
    "linecount": "15",
    "splunk_server": "PS-DEV-01"
  }
]