[
  {
    "_raw": "08/06/2025 05:20:16 PM\nLogName=Microsoft-Windows-PowerShell/Operational\nEventCode=4104\nEventType=5\nComputerName=PS-VICTIM-01.powershellsentinel.local\nUser=NOT_TRANSLATED\nSid=S-1-5-21-3587967245-3585281529-945259784-500\nSidType=0\nSourceName=Microsoft-Windows-PowerShell\nType=Verbose\nRecordNumber=323\nKeywords=None\nTaskCategory=Execute a Remote Command\nOpCode=On create calls\nMessage=Creating Scriptblock text (1 of 1):\n$global:?\n\nScriptBlock ID: 19013f9a-22d4-4713-8f77-244fd767abae\nPath:",
    "_time": "2025-08-06T17:20:16.000+00:00",
    "source": "WinEventLog:Microsoft-Windows-PowerShell/Operational",
    "sourcetype": "WinEventLog:Microsoft-Windows-PowerShell/Operational",
    "_bkt": "main~3~D9137144-2BA4-49FB-A605-EB695929BB1A",
    "_cd": "3:3563",
    "_indextime": "1754500817",
    "_serial": "0",
    "_si": [
      "PS-DEV-01",
      "main"
    ],
    "_sourcetype": "WinEventLog:Microsoft-Windows-PowerShell/Operational",
    "host": "PS-VICTIM-01",
    "index": "main",
    "linecount": "19",
    "splunk_server": "PS-DEV-01"
  },
  {
    "_raw": "08/06/2025 05:20:16 PM\nLogName=Microsoft-Windows-PowerShell/Operational\nEventCode=4103\nEventType=4\nComputerName=PS-VICTIM-01.powershellsentinel.local\nUser=NOT_TRANSLATED\nSid=S-1-5-21-3587967245-3585281529-945259784-500\nSidType=0\nSourceName=Microsoft-Windows-PowerShell\nType=Information\nRecordNumber=322\nKeywords=None\nTaskCategory=Executing Pipeline\nOpCode=To be used when operation is just executing a method\nMessage=CommandInvocation(Out-Default): \"Out-Default\"\nParameterBinding(Out-Default): name=\"InputObject\"; value=\"# Copyright (c) 1993-2009 Microsoft Corp.\"\nParameterBinding(Out-Default): name=\"InputObject\"; value=\"#\"\nParameterBinding(Out-Default): name=\"InputObject\"; value=\"# This is a sample HOSTS file used by Microsoft TCP/IP for Windows.\"\nParameterBinding(Out-Default): name=\"InputObject\"; value=\"#\"\nParameterBinding(Out-Default): name=\"InputObject\"; value=\"# This file contains the mappings of IP addresses to host names. Each\"\nParameterBinding(Out-Default): name=\"InputObject\"; value=\"# entry should be kept on an individual line. The IP address should\"\nParameterBinding(Out-Default): name=\"InputObject\"; value=\"# be placed in the first column followed by the corresponding host name.\"\nParameterBinding(Out-Default): name=\"InputObject\"; value=\"# The IP address and the host name should be separated by at least one\"\nParameterBinding(Out-Default): name=\"InputObject\"; value=\"# space.\"\nParameterBinding(Out-Default): name=\"InputObject\"; value=\"#\"\nParameterBinding(Out-Default): name=\"InputObject\"; value=\"# Additionally, comments (such as these) may be inserted on individual\"\nParameterBinding(Out-Default): name=\"InputObject\"; value=\"# lines or following the machine name denoted by a '#' symbol.\"\nParameterBinding(Out-Default): name=\"InputObject\"; value=\"#\"\nParameterBinding(Out-Default): name=\"InputObject\"; value=\"# For example:\"\nParameterBinding(Out-Default): name=\"InputObject\"; value=\"#\"\nParameterBinding(Out-Default): name=\"InputObject\"; value=\"#      102.54.94.97     rhino.acme.com          # source server\"\nParameterBinding(Out-Default): name=\"InputObject\"; value=\"#       38.25.63.10     x.acme.com              # x client host\"\nParameterBinding(Out-Default): name=\"InputObject\"; value=\"\"\nParameterBinding(Out-Default): name=\"InputObject\"; value=\"# localhost name resolution is handled within DNS itself.\"\nParameterBinding(Out-Default): name=\"InputObject\"; value=\"#\t127.0.0.1       localhost\"\nParameterBinding(Out-Default): name=\"InputObject\"; value=\"#\t::1             localhost\"\n\n\nContext:\n        Severity = Informational\n        Host Name = ConsoleHost\n        Host Version = 5.1.20348.3932\n        Host ID = 001d3132-2f61-4f26-8acd-f7a7baba5d8b\n        Host Application = powershell.exe -Command Get-Content C:\\Windows\\System32\\drivers\\etc\\hosts\n        Engine Version = 5.1.20348.3932\n        Runspace ID = d019b4e9-c2cc-4baa-8966-1bff66b04ada\n        Pipeline ID = 1\n        Command Name = \n        Command Type = Script\n        Script Name = \n        Command Path = \n        Sequence Number = 18\n        User = POWERSHELLSENTI\\lab_admin\n        Connected User = \n        Shell ID = Microsoft.PowerShell\n\n\nUser Data:",
    "_time": "2025-08-06T17:20:16.000+00:00",
    "source": "WinEventLog:Microsoft-Windows-PowerShell/Operational",
    "sourcetype": "WinEventLog:Microsoft-Windows-PowerShell/Operational",
    "_bkt": "main~3~D9137144-2BA4-49FB-A605-EB695929BB1A",
    "_cd": "3:3462",
    "_indextime": "1754500817",
    "_serial": "1",
    "_si": [
      "PS-DEV-01",
      "main"
    ],
    "_sourcetype": "WinEventLog:Microsoft-Windows-PowerShell/Operational",
    "host": "PS-VICTIM-01",
    "index": "main",
    "linecount": "58",
    "splunk_server": "PS-DEV-01"
  },
  {
    "_raw": "08/06/2025 05:20:16 PM\nLogName=Microsoft-Windows-PowerShell/Operational\nEventCode=4103\nEventType=4\nComputerName=PS-VICTIM-01.powershellsentinel.local\nUser=NOT_TRANSLATED\nSid=S-1-5-21-3587967245-3585281529-945259784-500\nSidType=0\nSourceName=Microsoft-Windows-PowerShell\nType=Information\nRecordNumber=321\nKeywords=None\nTaskCategory=Executing Pipeline\nOpCode=To be used when operation is just executing a method\nMessage=CommandInvocation(Get-Content): \"Get-Content\"\nParameterBinding(Get-Content): name=\"Path\"; value=\"C:\\Windows\\System32\\drivers\\etc\\hosts\"\n\n\nContext:\n        Severity = Informational\n        Host Name = ConsoleHost\n        Host Version = 5.1.20348.3932\n        Host ID = 001d3132-2f61-4f26-8acd-f7a7baba5d8b\n        Host Application = powershell.exe -Command Get-Content C:\\Windows\\System32\\drivers\\etc\\hosts\n        Engine Version = 5.1.20348.3932\n        Runspace ID = d019b4e9-c2cc-4baa-8966-1bff66b04ada\n        Pipeline ID = 1\n        Command Name = Get-Content\n        Command Type = Cmdlet\n        Script Name = \n        Command Path = \n        Sequence Number = 16\n        User = POWERSHELLSENTI\\lab_admin\n        Connected User = \n        Shell ID = Microsoft.PowerShell\n\n\nUser Data:",
    "_time": "2025-08-06T17:20:16.000+00:00",
    "source": "WinEventLog:Microsoft-Windows-PowerShell/Operational",
    "sourcetype": "WinEventLog:Microsoft-Windows-PowerShell/Operational",
    "_bkt": "main~3~D9137144-2BA4-49FB-A605-EB695929BB1A",
    "_cd": "3:3423",
    "_indextime": "1754500817",
    "_serial": "2",
    "_si": [
      "PS-DEV-01",
      "main"
    ],
    "_sourcetype": "WinEventLog:Microsoft-Windows-PowerShell/Operational",
    "host": "PS-VICTIM-01",
    "index": "main",
    "linecount": "38",
    "splunk_server": "PS-DEV-01"
  },
  {
    "_raw": "08/06/2025 05:20:16 PM\nLogName=Microsoft-Windows-PowerShell/Operational\nEventCode=4104\nEventType=5\nComputerName=PS-VICTIM-01.powershellsentinel.local\nUser=NOT_TRANSLATED\nSid=S-1-5-21-3587967245-3585281529-945259784-500\nSidType=0\nSourceName=Microsoft-Windows-PowerShell\nType=Verbose\nRecordNumber=320\nKeywords=None\nTaskCategory=Execute a Remote Command\nOpCode=On create calls\nMessage=Creating Scriptblock text (1 of 1):\nGet-Content C:\\Windows\\System32\\drivers\\etc\\hosts\n\nScriptBlock ID: ba912491-5cfd-4a19-b991-5a04e483d0e9\nPath:",
    "_time": "2025-08-06T17:20:16.000+00:00",
    "source": "WinEventLog:Microsoft-Windows-PowerShell/Operational",
    "sourcetype": "WinEventLog:Microsoft-Windows-PowerShell/Operational",
    "_bkt": "main~3~D9137144-2BA4-49FB-A605-EB695929BB1A",
    "_cd": "3:3405",
    "_indextime": "1754500817",
    "_serial": "3",
    "_si": [
      "PS-DEV-01",
      "main"
    ],
    "_sourcetype": "WinEventLog:Microsoft-Windows-PowerShell/Operational",
    "host": "PS-VICTIM-01",
    "index": "main",
    "linecount": "19",
    "splunk_server": "PS-DEV-01"
  },
  {
    "_raw": "08/06/2025 05:20:16 PM\nLogName=Microsoft-Windows-PowerShell/Operational\nEventCode=40962\nEventType=4\nComputerName=PS-VICTIM-01.powershellsentinel.local\nUser=NOT_TRANSLATED\nSid=S-1-5-21-3587967245-3585281529-945259784-500\nSidType=0\nSourceName=Microsoft-Windows-PowerShell\nType=Information\nRecordNumber=319\nKeywords=None\nTaskCategory=PowerShell Console Startup\nOpCode=Stop\nMessage=PowerShell console is ready for user input",
    "_time": "2025-08-06T17:20:16.000+00:00",
    "source": "WinEventLog:Microsoft-Windows-PowerShell/Operational",
    "sourcetype": "WinEventLog:Microsoft-Windows-PowerShell/Operational",
    "_bkt": "main~3~D9137144-2BA4-49FB-A605-EB695929BB1A",
    "_cd": "3:3391",
    "_indextime": "1754500817",
    "_serial": "4",
    "_si": [
      "PS-DEV-01",
      "main"
    ],
    "_sourcetype": "WinEventLog:Microsoft-Windows-PowerShell/Operational",
    "host": "PS-VICTIM-01",
    "index": "main",
    "linecount": "15",
    "splunk_server": "PS-DEV-01"
  },
  {
    "_raw": "08/06/2025 05:20:16 PM\nLogName=Microsoft-Windows-PowerShell/Operational\nEventCode=53504\nEventType=4\nComputerName=PS-VICTIM-01.powershellsentinel.local\nUser=NOT_TRANSLATED\nSid=S-1-5-21-3587967245-3585281529-945259784-500\nSidType=0\nSourceName=Microsoft-Windows-PowerShell\nType=Information\nRecordNumber=318\nKeywords=None\nTaskCategory=PowerShell Named Pipe IPC\nOpCode=Open (async)\nMessage=Windows PowerShell has started an IPC listening thread on process: 3944 in AppDomain: DefaultAppDomain.",
    "_time": "2025-08-06T17:20:16.000+00:00",
    "source": "WinEventLog:Microsoft-Windows-PowerShell/Operational",
    "sourcetype": "WinEventLog:Microsoft-Windows-PowerShell/Operational",
    "_bkt": "main~3~D9137144-2BA4-49FB-A605-EB695929BB1A",
    "_cd": "3:3375",
    "_indextime": "1754500817",
    "_serial": "5",
    "_si": [
      "PS-DEV-01",
      "main"
    ],
    "_sourcetype": "WinEventLog:Microsoft-Windows-PowerShell/Operational",
    "host": "PS-VICTIM-01",
    "index": "main",
    "linecount": "15",
    "splunk_server": "PS-DEV-01"
  },
  {
    "_raw": "08/06/2025 05:20:16 PM\nLogName=Microsoft-Windows-PowerShell/Operational\nEventCode=40961\nEventType=4\nComputerName=PS-VICTIM-01.powershellsentinel.local\nUser=NOT_TRANSLATED\nSid=S-1-5-21-3587967245-3585281529-945259784-500\nSidType=0\nSourceName=Microsoft-Windows-PowerShell\nType=Information\nRecordNumber=317\nKeywords=None\nTaskCategory=PowerShell Console Startup\nOpCode=Start\nMessage=PowerShell console is starting up",
    "_time": "2025-08-06T17:20:16.000+00:00",
    "source": "WinEventLog:Microsoft-Windows-PowerShell/Operational",
    "sourcetype": "WinEventLog:Microsoft-Windows-PowerShell/Operational",
    "_bkt": "main~3~D9137144-2BA4-49FB-A605-EB695929BB1A",
    "_cd": "3:3361",
    "_indextime": "1754500816",
    "_serial": "6",
    "_si": [
      "PS-DEV-01",
      "main"
    ],
    "_sourcetype": "WinEventLog:Microsoft-Windows-PowerShell/Operational",
    "host": "PS-VICTIM-01",
    "index": "main",
    "linecount": "15",
    "splunk_server": "PS-DEV-01"
  }
]